delta_rating,map_id,delta_map_wr_windowed,map_missing_flag,LAN_flag,h2h_shrunk,h2h_count
-22,4,0.0,0,1,0,0
11,6,-0.71,0,1,-1,1
56,2,-0.43,0,1,0,0
-11,4,-0.04,0,0,1,1
10,4,1.0,0,1,0,0
-104,2,-0.5,0,1,-1,1
32,7,0.0,0,1,0,2
-104,7,0.67,0,1,0,0
-45,5,-1.0,0,1,1,1
-16,0,-0.5,0,1,0,0
13,4,-0.27,0,1,0,0
6,1,-0.42,0,0,0,0
-121,2,1.0,0,1,0,0
-4,1,0.33,0,1,2,4
-32,2,0.75,0,1,0,2
-53,3,-0.38,0,0,1,1
-10,6,-0.67,0,1,0,2
-33,4,-0.5,0,0,0,2
19,1,-0.24,0,1,0,0
-18,0,0.3,0,0,6,8
1,0,0.86,0,0,0,4
3,6,0.0,0,0,0,0
14,2,0.08,0,0,1,1
-102,0,0.5,0,0,0,0
-12,2,0,1,1,1,1
-1,0,0.27,0,0,0,2
53,1,-0.24,0,0,0,2
132,1,-0.12,0,1,0,0
-2,1,0.29,0,1,0,0
87,4,0.67,0,0,1,1
-12,3,1.0,0,1,0,0
-59,2,0.0,0,0,0,2
-23,3,0.83,0,0,2,4
51,5,1.0,0,1,1,5
-86,2,0.0,0,1,0,0
64,5,-1.0,0,0,-1,1
-52,1,0,1,1,0,0
-19,6,0.43,0,0,0,0
-54,1,0.33,0,0,0,2
-25,0,0.6,0,0,-1,1
132,5,1.0,0,1,0,0
83,0,0.27,0,0,1,1
-70,3,1.0,0,1,0,0
-16,0,-0.2,0,0,-1,1
11,6,0.55,0,1,0,0
89,1,-0.83,0,0,-1,1
-109,0,-0.75,0,1,0,2
-105,5,-1.0,0,0,0,0
-28,2,0.47,0,0,-3,3
6,7,0.0,0,1,1,1
-2,4,1.0,0,1,1,1
-30,6,-0.5,0,1,0,0
-2,6,-0.15,0,1,0,2
-30,3,-1.0,0,1,0,0
-78,4,-1.0,0,1,0,0
80,2,1.0,0,1,1,3
109,3,0.4,0,0,0,0
-22,6,0.75,0,0,1,1
2,1,0,1,1,0,0
-62,1,0,1,0,2,2
-23,1,0.33,0,1,0,0
-120,0,0.33,0,1,0,0
25,6,-0.5,0,1,1,1
-149,4,0,1,1,1,1
-37,1,0.17,0,0,1,1
-37,7,-1.0,0,1,1,1
40,1,-0.46,0,1,-1,1
-62,0,0.07,0,0,0,2
-88,4,0.29,0,0,0,0
5,3,-1.0,0,1,0,0
129,0,0.0,0,1,0,0
-40,3,-0.71,0,0,0,0
-9,1,-1.0,0,1,1,1
-41,1,-0.89,0,0,0,0
26,5,1.0,0,1,0,2
-21,1,0,1,0,0,0
-8,2,0.0,0,1,0,0
-27,2,0.63,0,0,1,1
161,2,-0.33,0,1,0,2
-63,1,1.0,0,0,0,0
100,1,1.0,0,1,-1,1
-62,4,-0.67,0,0,0,2
-42,1,-0.77,0,0,0,0
-55,0,0.17,0,1,0,0
32,6,0.5,0,1,0,0
3,5,-1.0,0,1,6,10
-68,2,0.0,0,1,0,0
-51,2,0.28,0,0,0,2
1,2,-1.0,0,1,0,2
7,4,0.1,0,1,0,0
-4,1,-0.25,0,0,0,2
-94,1,0.0,0,1,0,0
-36,1,0.0,0,1,0,0
-39,1,0.0,0,1,0,0
31,3,0.35,0,0,3,3
-3,1,-0.19,0,1,-3,3
-23,6,0.6,0,0,0,2
-26,4,0.0,0,1,0,0
-59,6,-0.55,0,0,0,0
-15,4,0.0,0,0,1,1
-12,2,0.6,0,1,1,1
-58,7,0.33,0,1,0,2
-86,2,-0.4,0,0,0,0
42,3,1.0,0,1,-1,1
-3,1,0.33,0,0,0,2
-71,6,0.33,0,0,-1,1
-28,0,1.0,0,1,1,1
-6,0,-0.15,0,1,0,0
44,6,-0.5,0,0,-1,1
5,1,1.0,0,0,-1,1
-31,2,0.0,0,1,0,0
5,0,0.57,0,1,0,0
3,1,0.0,0,1,1,1
-55,3,0.0,0,0,0,0
86,6,0.0,0,1,-1,1
-11,1,1.0,0,1,2,2
-50,3,0,1,1,0,0
-54,0,-0.5,0,0,0,0
-80,2,0,1,1,0,0
-51,3,-0.1,0,0,-1,1
68,6,0.5,0,0,-2,4
-40,4,-0.67,0,1,0,0
-30,5,-0.67,0,1,0,0
-131,4,0.75,0,0,-1,1
49,0,0.67,0,1,1,3
-34,1,-0.75,0,1,0,0
-19,4,0.33,0,0,-1,3
35,2,-0.5,0,1,0,0
38,3,-0.17,0,1,-2,4
38,0,-0.5,0,0,0,4
46,7,0.0,0,1,0,0
130,5,0.25,0,0,2,8
114,1,0,1,1,0,0
24,6,0.21,0,1,0,0
-2,2,0.0,0,1,-1,1
-15,1,0.25,0,0,-1,1
-14,0,0.0,0,1,0,0
-80,2,0.57,0,1,0,0
42,2,1.0,0,1,-1,1
48,3,-0.5,0,0,0,0
100,2,1.0,0,1,-1,1
21,2,0.3,0,0,0,2
-57,6,0.0,0,1,-1,1
29,5,0.5,0,0,0,0
-31,0,0,1,1,1,3
32,4,0.33,0,1,-3,3
-6,6,0.5,0,1,2,2
-33,2,0.0,0,0,0,0
-20,6,1.0,0,1,-1,1
3,1,0.0,0,1,0,0
11,6,-1.0,0,1,1,1
7,1,0.33,0,1,0,2
7,2,0.38,0,1,2,4
-9,1,0.67,0,1,3,5
44,2,-1.0,0,1,0,4
179,3,0.0,0,1,-1,1
-28,2,-0.67,0,1,0,0
114,0,0,1,1,0,2
38,1,-0.5,0,1,0,0
138,5,0,1,1,0,0
-9,0,-0.17,0,1,1,1
-3,3,0.5,0,1,0,2
-91,1,0,1,0,1,1
-3,1,0.33,0,1,1,1
25,4,0.0,0,0,1,1
108,7,-0.67,0,1,-1,1
-2,4,0.33,0,1,1,1
-2,0,0.0,0,1,0,2
-46,5,1.0,0,0,0,2
-85,4,0.4,0,0,1,1
26,0,0.5,0,0,-1,1
44,0,0.0,0,1,-2,2
18,1,-1.0,0,1,-1,1
-24,6,-1.0,0,1,0,0
-42,2,0.37,0,0,-1,1
-14,0,-0.18,0,0,1,5
24,4,-0.24,0,0,-1,1
-15,0,-0.83,0,1,0,0
-101,5,0.5,0,1,-1,1
-26,1,0.1,0,1,-2,2
6,7,0.0,0,1,0,0
1,1,-0.5,0,0,0,4
54,7,0,1,1,1,1
-10,2,0.25,0,0,-1,1
-10,1,0.0,0,1,0,0
-33,6,-0.5,0,0,0,2
28,2,-0.25,0,0,-1,1
19,1,1.0,0,1,0,0
-41,0,-0.67,0,0,-2,8
-30,1,-0.36,0,0,0,0
-8,6,0.0,0,1,-1,1
-67,4,0.07,0,0,0,2
130,5,-0.5,0,0,0,2
-33,0,1.0,0,0,1,1
-33,2,1.0,0,0,0,2
38,2,-0.33,0,0,0,0
-8,0,-0.1,0,0,-3,3
-25,6,0,1,0,-1,1
-5,4,0,1,0,0,0
-30,2,-0.25,0,1,0,0
26,0,-0.33,0,0,0,4
-62,2,0.07,0,0,1,1
72,4,0.0,0,0,1,1
34,3,0.71,0,0,-1,1
-24,0,-0.29,0,1,2,2
-39,2,0.33,0,1,1,1
-67,5,-1.0,0,0,-1,1
40,4,-0.24,0,1,0,0
30,4,-1.0,0,1,0,0
72,1,-0.6,0,0,1,1
90,1,0.6,0,0,0,0
-56,2,0.33,0,0,1,1
64,2,0.17,0,0,0,2
4,6,-1.0,0,1,0,2
15,1,-0.43,0,0,1,3
32,1,-0.4,0,0,0,0
-159,4,0,1,1,0,2
-29,0,0.4,0,0,1,1
-17,2,0.07,0,0,0,0
-44,6,0,1,1,0,2
28,0,0.67,0,1,0,2
-2,3,0.0,0,0,0,2
-21,6,0,1,1,1,1
62,3,-0.5,0,0,1,1
-20,2,0,1,1,0,0
31,4,0.3,0,1,-2,2
29,6,0.5,0,1,1,5
-1,2,-0.5,0,0,1,1
54,2,0.67,0,0,0,0
-11,4,0.83,0,1,1,5
129,1,0.6,0,0,1,1
-6,2,1.0,0,1,1,3
-62,0,0.46,0,0,0,0
2,1,0.44,0,1,-2,4
83,0,0.0,0,1,0,0
-36,2,0.0,0,1,-1,1
7,4,-0.67,0,1,1,3
-106,3,-0.27,0,1,1,1
60,2,-0.23,0,0,-1,5
-161,5,0.0,0,0,-1,1
-6,3,-0.5,0,0,1,1
-16,6,0.0,0,0,0,0
-50,2,-0.5,0,0,-1,1
-97,2,0.07,0,0,0,0
-26,1,-0.71,0,0,3,3
-22,1,0.17,0,0,0,2
-79,0,0.5,0,1,1,5
-94,4,-0.29,0,0,-1,1
-102,4,0.17,0,0,1,1
-7,6,-0.75,0,0,-1,3
8,2,-0.33,0,1,0,0
-140,1,0,1,1,0,0
-29,4,0.0,0,1,0,0
37,1,0.0,0,0,-1,1
-14,0,-0.39,0,1,0,2
-1,1,0.2,0,0,0,0
-107,4,0.8,0,1,3,3
77,1,-0.43,0,1,0,0
2,3,0,1,1,1,1
68,2,-0.33,0,0,0,0
-36,4,0.5,0,0,1,1
-19,3,-0.11,0,0,0,2
-20,0,0.0,0,1,0,0
59,2,-0.17,0,1,1,1
-53,1,0,1,0,0,0
33,4,-1.0,0,1,0,0
-29,2,-0.5,0,0,0,0
-44,2,-0.5,0,0,1,1
-60,0,0.5,0,0,1,1
-55,1,-0.67,0,0,0,0
-31,7,0.0,0,1,0,0
11,6,0.6,0,1,0,2
7,4,-0.06,0,0,-2,4
11,4,0.0,0,0,0,0
12,6,-0.29,0,0,0,4
-125,1,0.17,0,1,1,1
64,2,0,1,1,-1,1
100,0,0,1,1,0,0
-90,4,0.5,0,0,0,2
7,1,0.5,0,0,0,0
68,4,-0.67,0,1,0,0
-25,4,0,1,0,0,2
94,5,0,1,1,0,0
-92,6,0.0,0,0,1,1
18,3,0.25,0,0,1,1
-8,5,-0.5,0,0,-1,1
-2,3,-0.5,0,1,0,0
54,6,-1.0,0,1,0,2
-4,6,0.46,0,1,1,3
-18,4,-0.33,0,0,0,0
-144,3,0.0,0,0,1,1
-107,1,0.25,0,1,2,2
-104,4,0.67,0,1,1,1
72,1,-1.0,0,1,0,2
4,4,-0.2,0,1,4,6
-9,1,0.55,0,0,2,4
-137,2,0.0,0,0,1,1
-123,3,0,1,0,0,0
-13,3,0.15,0,0,1,1
-87,1,0.25,0,0,0,0
83,2,1.0,0,1,0,0
132,3,-0.57,0,1,0,2
-203,3,0.67,0,1,3,3
-102,4,-0.33,0,0,1,1
55,4,0.29,0,1,0,0
-14,4,0.8,0,0,-1,1
-137,3,0.33,0,0,0,0
-10,6,-0.75,0,0,-1,1
-85,0,0.5,0,0,1,1
2,7,0,1,1,-1,1
-76,0,1.0,0,0,4,4
-123,6,0.67,0,0,1,1
17,3,0,1,1,0,0
138,0,1.0,0,1,-1,1
-16,1,1.0,0,0,0,0
29,1,0,1,0,0,0
-8,7,0,1,1,0,0
11,0,0.17,0,0,0,0
-48,7,0,1,1,-1,1
-73,1,0.75,0,1,1,1
38,1,-0.67,0,0,0,2
14,3,-0.47,0,0,1,1
16,2,-0.67,0,1,1,1
53,6,0.17,0,0,0,0
13,4,0.0,0,1,0,2
-127,6,0.75,0,0,-1,1
-78,6,0.0,0,0,0,0
22,5,0.67,0,1,0,0
-43,1,0.0,0,1,-1,1
8,0,0.4,0,1,-1,1
87,1,1.0,0,0,0,0
9,4,0.0,0,1,0,0
-117,3,0.67,0,0,1,1
100,2,0.67,0,0,-1,1
-23,0,-0.3,0,0,0,0
-51,5,1.0,0,0,0,0
-11,4,-0.05,0,0,1,1
6,6,0.6,0,0,-1,1
-62,2,-0.2,0,0,1,1
1,6,1.0,0,1,-1,1
-45,4,0.5,0,1,-1,1
18,6,-0.33,0,1,0,0
53,6,-1.0,0,1,1,1
-76,3,0.0,0,0,3,3
-51,0,-0.3,0,0,1,1
12,5,0.5,0,0,0,0
4,0,0.42,0,1,-1,1
9,5,0.83,0,0,-6,14
12,0,-0.2,0,1,1,1
-27,6,-0.13,0,0,0,0
-14,5,-0.3,0,0,0,0
6,5,-1.0,0,1,0,0
-81,2,0.3,0,0,2,4
60,1,0.0,0,0,-1,1
-14,1,0.04,0,0,0,0
2,1,0.16,0,0,0,0
-34,3,-0.83,0,1,0,0
-90,0,0,1,0,-1,1
132,2,0.0,0,1,-1,1
40,3,-0.5,0,0,0,0
-60,4,0,1,1,0,0
2,1,0.0,0,1,0,0
-58,1,-0.5,0,0,0,0
-31,6,0.2,0,1,2,4
-26,0,0,1,1,0,0
-28,0,-0.5,0,1,-1,1
7,5,0.0,0,0,0,0
-65,0,0.17,0,1,1,1
38,1,-0.5,0,1,-2,2
13,0,0,1,1,0,0
3,2,-1.0,0,1,5,9
-8,4,-0.33,0,0,0,0
-46,0,1.0,0,1,1,1
-52,1,0.33,0,1,0,4
-48,4,0.6,0,0,0,0
-4,1,0.0,0,1,0,0
42,1,0.0,0,1,0,0
105,4,-0.33,0,1,0,0
68,4,0.5,0,1,3,3
18,0,0.45,0,0,1,7
-1,0,0.33,0,1,1,5
-54,1,-0.44,0,1,0,0
25,3,0,1,1,0,2
-165,6,0.0,0,1,1,1
56,6,0.42,0,1,-1,1
-6,6,0.0,0,0,0,0
-99,4,0.33,0,1,0,0
-88,3,-0.22,0,0,-1,1
19,7,0,1,1,0,2
24,0,-0.5,0,1,-3,3
-142,6,0.8,0,0,0,0
4,6,-0.33,0,0,0,0
32,4,-0.33,0,1,-1,1
-78,1,-1.0,0,0,1,1
3,6,-0.35,0,1,1,1
31,4,-0.05,0,1,0,2
18,4,0,1,1,0,0
-157,4,0.0,0,1,0,0
21,0,0.17,0,0,0,4
125,1,-1.0,0,0,1,1
-68,5,0.33,0,0,2,2
55,0,0.46,0,0,0,4
-18,0,0.17,0,1,0,4
-3,0,-0.13,0,0,3,5
22,2,0.5,0,1,1,1
26,2,0.0,0,0,0,0
6,0,0.0,0,1,-1,1
38,6,-0.33,0,0,-1,1
-2,0,-1.0,0,0,0,0
-16,6,0.5,0,0,0,0
57,6,0.0,0,1,-1,1
2,5,0,1,1,0,2
-52,0,0.5,0,0,1,1
75,4,0.6,0,0,0,2
-49,3,-0.17,0,0,0,2
-62,5,-1.0,0,1,0,0
-33,0,-0.17,0,0,0,2
77,3,-0.5,0,1,-1,1
-14,4,-0.5,0,0,0,0
-24,6,0.17,0,1,0,0
-74,6,-0.67,0,0,0,0
3,0,-0.33,0,1,6,12
10,1,-0.67,0,1,-2,2
-63,2,-0.33,0,0,1,1
-88,1,-1.0,0,1,0,0
40,4,0.5,0,0,0,0
56,3,0,1,1,0,2
-10,0,-0.67,0,1,0,0
-70,0,0.0,0,1,0,2
-3,2,0.6,0,0,-1,1
-41,0,-0.62,0,0,-1,5
-17,4,-0.14,0,0,-1,1
-12,3,-0.38,0,0,0,0
-86,0,-0.07,0,1,-1,1
6,2,0.0,0,1,0,0
8,0,0.25,0,1,0,2
16,6,0.33,0,0,0,0
-22,5,-0.36,0,0,0,0
14,4,0.3,0,0,0,0
-18,5,0,1,0,0,0
-47,6,0,1,1,0,0
-87,1,0.0,0,1,2,2
-14,5,-1.0,0,1,0,0
14,2,0.08,0,1,-1,1
-8,2,0.33,0,1,-1,1
12,1,-0.31,0,0,-2,8
-46,3,0,1,1,0,0
-46,4,0.83,0,1,0,0
79,0,-0.5,0,0,0,0
13,1,0.32,0,0,1,1
-109,5,1.0,0,0,5,5
54,1,0.71,0,0,0,0
11,0,0,1,0,-1,1
30,3,0.25,0,0,0,0
75,2,-0.8,0,1,0,0
15,5,-0.5,0,0,1,1
14,0,1.0,0,0,-1,1
17,6,0,1,1,0,2
16,4,0.17,0,0,0,0
-125,2,0,1,1,0,0
24,4,-0.29,0,1,0,0
-38,1,0.0,0,0,1,1
-74,0,-0.4,0,1,0,0
-13,6,0.05,0,0,1,3
29,6,-1.0,0,0,1,1
-118,1,0.0,0,1,0,0
-4,4,0.0,0,0,1,1
-46,2,-0.33,0,0,0,0
-33,2,0.48,0,0,-1,1
6,6,0.5,0,1,0,2
-3,0,-1.0,0,1,0,0
-41,2,0.36,0,0,-2,6
-49,5,-1.0,0,0,0,2
15,0,0,1,1,0,0
15,0,-0.19,0,1,-2,2
2,1,0.14,0,0,1,1
-6,2,0.0,0,1,0,0
-33,0,-0.75,0,0,0,0
-24,1,0.17,0,0,2,2
70,1,0.0,0,1,1,1
-3,4,0.5,0,1,0,0
-22,0,-0.33,0,0,-1,1
-15,2,-0.6,0,1,0,0
-24,0,-0.4,0,0,0,2
-165,1,-0.5,0,1,0,0
-4,5,0.0,0,0,0,0
26,4,1.0,0,1,1,1
5,1,-1.0,0,0,-2,4
38,6,0,1,0,-1,1
16,2,-1.0,0,0,0,2
75,3,0.43,0,0,1,1
-36,0,0.17,0,0,0,2
98,6,1.0,0,1,0,0
-69,0,0.75,0,0,-1,1
61,6,-1.0,0,1,0,0
-32,3,0.5,0,1,0,0
-92,5,0,1,0,1,1
-53,6,0.17,0,0,0,0
11,1,-0.33,0,1,0,0
2,0,0.33,0,0,0,2
83,1,0.25,0,1,1,1
-8,4,0.16,0,0,0,0
88,4,-1.0,0,1,1,1
28,4,0,1,1,1,1
68,6,0.25,0,1,0,0
85,4,-0.08,0,0,-2,2
32,0,0.0,0,0,-1,1
14,1,0.0,0,1,3,3
-44,1,-1.0,0,1,-1,1
57,4,-1.0,0,1,1,1
29,1,-0.25,0,0,1,5
12,6,0,1,1,1,1
79,0,-1.0,0,0,-1,1
68,4,-0.38,0,0,0,2
-54,3,0.0,0,0,0,0
-56,1,0.0,0,0,0,0
-2,1,-0.2,0,1,1,1
1,2,0.47,0,0,1,3
-23,1,-0.14,0,0,-1,1
-101,3,0.5,0,1,0,0
-8,6,0,1,1,0,2
-104,3,0.8,0,1,0,2
75,2,-0.28,0,0,0,2
-34,0,0.43,0,0,0,2
-105,5,0,1,0,0,0
10,0,-1.0,0,0,0,4
10,3,-0.5,0,1,0,0
3,1,-0.24,0,1,0,2
-7,6,0,1,1,0,0
54,3,0.33,0,1,1,3
-47,5,0,1,1,0,0
-5,1,0.1,0,0,1,1
-28,1,-0.25,0,1,0,0
-85,1,0.25,0,0,-1,1
-69,3,0.43,0,0,0,0
46,4,0.0,0,0,0,0
-49,2,-1.0,0,0,0,0
-104,7,0,1,1,1,1
-96,2,1.0,0,1,1,1
3,3,1.0,0,1,-1,1
62,6,0.25,0,0,-2,4
-59,0,0.0,0,0,-1,1
8,6,0.5,0,0,0,0
-9,4,0,1,1,0,2
2,3,-0.25,0,0,-3,3
2,2,0.71,0,0,1,1
44,1,1.0,0,1,-1,3
-173,3,0.0,0,1,0,0
32,6,-0.44,0,0,0,0
-37,3,0.2,0,1,1,1
3,1,0.5,0,1,5,11
-69,2,-0.07,0,0,0,2
-63,2,0.08,0,1,0,2
-82,1,0.5,0,1,0,2
-10,1,0.0,0,0,0,0
-44,0,-1.0,0,0,1,1
28,2,0.5,0,1,0,0
-112,2,-0.17,0,0,0,0
11,2,-0.5,0,0,0,2
54,2,-0.3,0,1,1,1
16,6,-0.54,0,0,1,1
-4,4,-1.0,0,1,2,2
54,0,-0.62,0,0,0,2
57,1,-0.03,0,1,0,0
-10,4,1.0,0,1,0,4
161,4,-1.0,0,1,-1,1
-6,0,-1.0,0,1,0,4
-39,3,0,1,0,-1,1
5,0,1.0,0,0,0,0
51,6,0.0,0,1,0,4
-51,3,0.0,0,1,0,2
-71,5,0.7,0,0,0,0
-59,4,0.3,0,0,1,1
-76,1,0.07,0,0,5,5
-105,6,0.8,0,0,-1,1
12,4,0.67,0,0,0,0
98,4,-1.0,0,1,0,2
19,2,-0.08,0,1,3,3
31,6,-1.0,0,1,1,3
13,4,0,1,1,0,0
-3,2,0,1,1,0,0
-92,5,-0.33,0,0,-1,1
24,4,0.0,0,1,-1,1
-76,0,0.0,0,0,0,0
31,4,-1.0,0,1,-1,1
22,6,-1.0,0,1,0,0
-8,2,0.5,0,1,1,1
30,6,-0.17,0,1,0,2
183,1,0,1,1,-1,1
74,6,0.67,0,1,0,0
-7,5,1.0,0,1,1,3
-40,4,0.0,0,0,1,1
-62,6,1.0,0,0,2,4
-74,5,1.0,0,0,1,1
-98,5,-0.44,0,0,0,0
-21,3,0.33,0,0,0,0
-100,6,0.17,0,0,0,0
-23,0,0.5,0,0,1,1
-2,4,0.67,0,0,0,0
2,6,-0.04,0,1,-1,5
-203,1,0.64,0,1,2,2
21,5,-0.1,0,0,0,0
32,2,0.0,0,0,0,0
31,1,-1.0,0,1,1,1
-80,4,0.33,0,1,1,1
-15,1,-0.07,0,1,0,0
12,6,-0.17,0,0,1,1
25,0,1.0,0,0,0,2
-29,0,-0.42,0,1,0,0
-66,1,0.0,0,0,-1,1
-5,1,-0.04,0,0,1,1
9,3,-0.61,0,0,-6,16
-6,7,-0.5,0,1,1,3
-69,4,-0.22,0,0,1,1
-10,3,0.0,0,1,1,1
-62,2,0.17,0,0,4,6
3,4,0,1,1,0,0
41,1,0.39,0,0,-1,1
-33,3,0.5,0,0,0,2
-2,0,-0.3,0,0,1,3
4,3,-0.33,0,0,-2,2
109,2,-0.55,0,0,-1,1
-115,6,-1.0,0,1,0,2
-125,0,0.13,0,0,1,1
37,4,1.0,0,0,0,0
-23,0,0.33,0,1,0,0
46,1,0.25,0,0,-3,3
45,3,0.0,0,0,0,0
4,0,0.5,0,0,-1,1
-26,1,0.0,0,0,0,0
-20,3,0,1,1,0,0
3,3,-1.0,0,1,-1,1
14,6,0,1,1,0,0
-2,3,0.75,0,1,1,3
9,5,0.8,0,0,-5,11
-61,1,0,1,1,0,0
25,0,0.0,0,1,0,2
56,6,-0.31,0,0,-4,4
8,0,0.1,0,1,-2,4
-1,2,-0.5,0,1,0,0
-44,2,0,1,1,-1,1
-103,1,0.25,0,0,0,2
-157,5,0.0,0,1,1,1
10,6,0,1,0,1,1
-132,5,0.0,0,0,0,0
-26,6,-1.0,0,1,0,0
-33,1,0.25,0,0,1,1
68,1,-0.33,0,0,-1,1
19,4,0.5,0,1,-1,1
32,5,-1.0,0,1,-2,2
-24,2,-0.17,0,0,0,0
6,1,0.0,0,1,-1,1
-23,5,-0.62,0,1,-1,1
-132,4,0.5,0,1,0,0
58,2,1.0,0,1,0,2
-14,5,-0.83,0,0,-1,1
-11,2,-0.4,0,1,-1,1
-126,1,1.0,0,0,1,1
-117,0,-0.75,0,0,0,0
-11,5,0.0,0,1,0,0
-99,3,0.0,0,0,0,0
64,7,0.5,0,1,0,2
87,1,0.5,0,1,0,0
-5,2,0.23,0,0,0,0
106,4,-1.0,0,0,1,1
-22,4,-0.21,0,0,0,0
79,4,0.0,0,0,-1,1
4,2,-0.67,0,0,1,1
-19,2,0.12,0,0,-2,2
-42,1,-0.58,0,0,0,0
-117,0,-0.67,0,0,1,1
-9,3,0.4,0,1,1,5
-54,3,-1.0,0,0,0,0
22,4,0.0,0,0,1,1
65,5,-0.5,0,0,-5,5
56,1,0.31,0,1,0,2
-21,5,0,1,0,0,2
62,6,-0.1,0,0,0,0
-82,4,0.25,0,1,-1,1
-27,1,-0.1,0,0,-1,1
-33,0,-0.17,0,1,1,3
-87,4,0.33,0,0,1,1
-14,5,-0.17,0,0,1,3
2,0,-0.67,0,0,0,0
70,6,0,1,1,0,0
-25,5,-0.25,0,0,0,0
80,2,-0.25,0,1,0,0
-1,1,0.17,0,1,0,4
-5,3,-0.75,0,0,0,0
-14,5,0,1,0,0,2
-64,1,0.13,0,0,1,5
1,2,-1.0,0,1,0,0
-37,5,0.0,0,0,0,0
-69,5,0.0,0,0,0,0
-27,5,0.67,0,0,0,4
10,1,1.0,0,0,1,3
60,1,0.0,0,0,0,0
47,4,-0.67,0,1,-2,2
-1,4,0.5,0,1,1,3
-14,1,0.5,0,0,-1,1
-92,0,0.0,0,1,1,1
-69,4,-0.67,0,1,-1,7
-35,0,-1.0,0,1,1,3
26,3,-1.0,0,0,0,2
60,6,0.0,0,0,0,0
-6,6,-1.0,0,0,1,7
-8,6,-0.1,0,0,-2,4
54,4,0.38,0,0,1,1
42,0,0.0,0,1,0,0
-30,3,-0.75,0,0,0,0
-33,5,0.5,0,0,0,0
-1,6,0.1,0,1,-1,3
-11,5,0.0,0,0,-1,1
-97,5,0.2,0,0,0,2
-102,3,1.0,0,0,1,1
2,6,-0.67,0,1,-3,3
19,6,0.25,0,1,-1,1
96,2,1.0,0,0,0,0
50,2,0.25,0,0,0,0
-7,0,0.0,0,0,1,1
22,2,-0.42,0,0,-1,1
-49,0,-0.41,0,0,1,1
-41,0,-1.0,0,1,0,0
-5,1,0,1,0,1,1
9,4,-0.68,0,0,-2,6
71,5,0.67,0,0,-1,1
-87,2,0.0,0,0,1,1
-46,4,-0.33,0,1,1,3
-67,1,-0.14,0,0,0,0
-104,1,0.17,0,1,0,0
-40,4,1.0,0,1,2,2
-7,1,-1.0,0,0,0,0
-37,4,0.08,0,0,0,0
60,0,-0.5,0,0,0,2
-59,1,0.62,0,0,0,2
50,0,-0.52,0,0,0,4
14,7,-1.0,0,1,1,1
-42,1,0.0,0,1,-1,1
9,3,-0.55,0,0,-5,13
-20,2,0.57,0,0,-1,1
7,3,-0.8,0,0,-1,3
60,6,0.0,0,1,-2,4
16,3,0.0,0,0,1,1
-2,0,0,1,1,0,0
6,4,-1.0,0,1,1,1
19,0,0.33,0,0,-1,1
-8,2,-0.33,0,0,-2,2
24,4,0.5,0,0,1,1
-7,2,0.8,0,1,0,2
6,1,0,1,1,0,0
64,0,-0.67,0,1,0,2
-10,1,-0.5,0,0,0,2
-29,1,-0.5,0,0,0,2
-12,1,-0.25,0,0,0,0
2,1,1.0,0,1,0,0
-1,3,0,1,1,0,0
-112,1,0.0,0,1,0,0
-14,6,0.07,0,1,1,1
-90,3,1.0,0,1,1,1
13,3,0,1,0,-1,1
25,2,0.14,0,1,0,0
-29,4,-0.35,0,0,0,0
-17,1,0.35,0,0,-1,1
-94,5,0.0,0,0,0,2
31,1,-0.13,0,1,1,1
-33,1,-1.0,0,1,0,0
3,5,0,1,0,0,2
-26,7,0,1,1,1,1
-11,4,0.0,0,0,0,0
-52,4,0.0,0,1,1,5
32,0,-0.33,0,0,-1,1
-81,3,0.17,0,1,0,0
100,1,-0.17,0,1,0,0
14,1,-0.14,0,0,0,0
31,1,0.0,0,1,-1,1
-102,2,0.5,0,0,0,0
-12,2,-1.0,0,1,0,0
104,7,1.0,0,1,0,2
130,2,-0.67,0,0,3,7
-4,7,0.67,0,1,3,5
10,1,1.0,0,0,0,0
22,6,-0.27,0,0,0,0
-33,5,0.0,0,0,0,0
-98,6,0.5,0,0,1,1
-14,6,0.4,0,1,1,1
-13,1,-0.03,0,0,0,2
-45,1,0.4,0,1,2,2
-16,3,-1.0,0,1,0,0
10,0,-0.5,0,1,1,3
88,2,0.0,0,1,0,2
54,6,0.67,0,0,0,0
-79,2,0,1,1,0,0
-5,4,0.38,0,0,0,2
63,4,0.33,0,0,-2,2
-104,5,0,1,0,1,1
12,6,-0.38,0,0,-1,7
-94,3,-0.5,0,1,1,1
-117,4,0.33,0,0,0,0
36,2,0.0,0,1,-1,1
13,1,-1.0,0,1,-1,1
-22,1,0.4,0,0,-1,1
54,1,-0.5,0,0,0,2
-3,1,0.02,0,0,-2,2
89,2,0.0,0,0,0,0
74,4,-0.24,0,0,1,1
-87,6,0,1,0,0,0
-44,4,-0.1,0,0,0,0
-25,0,1.0,0,0,1,1
-127,3,0.0,0,1,0,0
112,1,-0.88,0,0,-1,1
-47,1,1.0,0,1,-1,1
-63,1,0.25,0,1,0,0
-33,6,1.0,0,0,1,1
-53,2,1.0,0,1,0,2
-15,5,0,1,0,0,0
-7,0,0.17,0,1,0,2
-62,3,0,1,1,1,1
-55,1,-0.12,0,0,1,1
-31,1,-0.5,0,1,1,1
-26,3,0.0,0,1,0,0
-36,2,0,1,1,1,1
9,4,-0.72,0,0,-3,9
33,2,-0.52,0,0,1,1
64,4,-1.0,0,1,0,0
4,1,-0.29,0,0,-1,1
1,3,-0.52,0,0,-1,3
-34,0,0.2,0,1,1,1
50,6,-1.0,0,0,-1,1
-44,6,0.5,0,0,0,0
14,2,-0.67,0,1,0,0
26,4,-0.55,0,0,-1,5
-8,6,0,1,1,1,1
11,1,0.0,0,0,1,1
-4,0,0.44,0,0,0,0
30,2,0,1,1,0,0
-8,5,-0.32,0,0,-2,2
32,4,0.5,0,0,-2,2
-143,4,0.5,0,0,1,1
14,1,-0.5,0,1,1,1
42,2,0,1,0,0,0
-105,4,0.5,0,0,1,1
-11,2,-0.67,0,0,0,0
-35,5,-0.5,0,0,0,2
-17,0,0.17,0,0,0,0
11,0,0.6,0,1,-1,1
26,3,-0.25,0,0,0,0
24,4,-0.38,0,0,-2,2
36,4,0,1,1,0,0
-70,4,-0.6,0,1,-1,1
-98,6,0.0,0,1,0,0
-12,4,0.25,0,1,0,4
23,1,0.0,0,0,0,6
-113,4,0,1,0,0,2
71,0,0,1,0,0,0
-87,6,0.42,0,1,1,3
-76,1,-1.0,0,0,1,1
-10,4,0,1,1,0,0
-64,0,0.47,0,0,2,4
31,2,0.5,0,1,0,2
138,2,0.75,0,0,0,0
-38,4,0.67,0,1,0,0
-124,4,1.0,0,0,0,0
-33,6,-0.83,0,0,-1,3
10,6,0,1,1,0,0
-78,4,0.5,0,0,1,5
-69,2,1.0,0,1,-1,1
3,7,0.0,0,1,1,3
42,2,-0.25,0,0,-1,1
-88,0,-1.0,0,1,0,2
75,5,0,1,1,1,1
-20,4,-1.0,0,1,0,0
-58,6,1.0,0,0,0,0
60,6,-0.22,0,0,-1,3
31,6,0,1,1,0,0
-3,3,0.17,0,0,0,2
-23,7,0.0,0,1,1,3
-171,3,0,1,1,-1,1
75,0,0.0,0,0,0,0
-33,2,-0.13,0,0,0,0
-14,1,-0.33,0,1,-1,1
14,1,1.0,0,1,0,0
-115,7,0,1,1,-1,1
69,3,-0.67,0,1,0,2
29,4,0.67,0,1,1,3
-8,0,0,1,1,0,0
14,1,-0.5,0,0,0,0
-35,1,-0.5,0,0,0,0
-53,2,-0.42,0,0,-1,1
19,7,-0.8,0,1,0,0
22,1,-0.5,0,0,0,2
55,4,-0.42,0,0,-1,3
-100,3,1.0,0,0,0,2
50,1,-0.19,0,0,-1,5
-16,5,0.0,0,0,0,0
-11,0,0.21,0,1,0,4
67,0,0.0,0,0,0,0
86,4,0,1,1,-1,1
-66,4,1.0,0,0,0,2
69,4,0.33,0,1,0,10
3,0,0.0,0,0,1,1
-62,2,1.0,0,1,0,0
-2,6,-0.5,0,0,1,1
-15,0,0.0,0,0,-1,1
-41,0,-0.57,0,0,0,2
-31,0,-0.17,0,1,1,1
-9,7,0,1,1,0,0
54,2,0.48,0,0,-1,1
31,7,0,1,1,0,0
11,0,-1.0,0,0,1,1
-10,2,0,1,1,0,0
72,2,0.67,0,0,0,0
44,3,0.2,0,0,0,0
-45,4,0.67,0,1,0,0
-5,0,-0.5,0,1,0,0
68,0,-0.67,0,1,0,2
42,1,0.0,0,1,0,0
-1,4,-0.5,0,1,1,3
24,0,1.0,0,1,0,0
101,2,-0.5,0,0,0,0
34,1,0.8,0,1,1,3
-50,2,0.0,0,0,0,0
65,1,0.25,0,0,-2,2
-15,6,-0.25,0,0,0,0
-114,1,-0.55,0,0,0,0
3,1,-0.33,0,0,-1,1
13,2,0,1,0,0,0
-90,1,0.0,0,0,0,0
14,3,0.3,0,0,0,0
-86,4,0.5,0,1,0,0
-136,6,0.67,0,0,0,0
-66,3,0.0,0,0,1,3
75,2,-0.83,0,1,-1,1
1,1,0.25,0,1,1,1
-68,0,-0.25,0,1,2,2
12,3,-0.06,0,0,-1,1
-4,1,0.35,0,0,0,0
82,0,0.67,0,0,-1,1
-2,0,-0.5,0,1,0,0
12,1,-0.17,0,0,0,2
138,5,0,1,0,-1,1
-22,2,0.8,0,0,-1,1
-39,3,-0.5,0,1,1,1
76,1,-0.43,0,0,-1,1
29,3,1.0,0,1,0,0
64,6,-0.33,0,1,0,0
-4,2,-0.75,0,1,1,1
11,4,-1.0,0,1,0,0
-14,6,-0.17,0,0,2,4
-131,1,-0.67,0,0,0,0
-49,0,0.5,0,1,0,0
-125,3,-0.25,0,1,0,0
62,3,-0.75,0,0,0,2
75,0,-0.24,0,0,-1,1
29,0,0,1,1,0,6
21,6,-0.33,0,0,-1,1
-36,2,0.5,0,0,-1,1
-73,4,0,1,1,0,0
15,1,-1.0,0,0,0,2
-9,0,-0.5,0,1,1,1
14,4,0.5,0,0,0,2
-49,1,-0.27,0,0,0,0
-2,3,1.0,0,1,0,2
-2,2,-0.5,0,0,1,1
32,0,-0.5,0,0,-1,3
-22,2,-0.5,0,1,-1,1
15,0,0.0,0,1,0,0
30,6,-0.5,0,0,0,0
-6,1,-0.08,0,0,0,2
26,2,0,1,0,1,1
-6,6,1.0,0,1,0,2
60,4,1.0,0,0,0,0
24,0,-0.07,0,1,-1,1
9,3,-0.46,0,0,-4,10
7,3,0.15,0,1,-1,1
22,1,0.64,0,0,0,0
8,1,-0.5,0,1,-1,1
38,1,-0.58,0,1,0,0
-55,6,0.2,0,0,1,1
4,5,0.5,0,0,0,2
-35,4,0,1,1,0,2
81,0,-0.1,0,0,0,0
-1,4,-0.21,0,1,-1,5
-2,1,-0.26,0,0,-1,1
-36,6,0.25,0,0,-1,1
-18,6,-0.25,0,1,1,3
1,3,-0.75,0,1,1,1
-20,1,0.47,0,0,0,0
-83,1,-0.06,0,0,0,0
77,4,0,1,1,0,0
-46,1,0.05,0,1,1,5
44,1,-0.33,0,1,0,0
53,2,0.0,0,0,-1,1
72,0,0.5,0,0,0,0
-19,6,0.8,0,0,1,3
-127,0,0,1,1,1,1
-18,3,0.0,0,1,1,5
-27,2,0.86,0,0,-1,1
-109,5,1.0,0,0,3,3
-159,7,0,1,1,1,1
12,4,0.0,0,1,0,2
-44,1,0,1,1,0,4
-2,5,0,1,1,-1,1
10,6,-0.08,0,1,-1,1
3,1,1.0,0,1,-1,1
10,4,-1.0,0,1,1,1
-31,2,0,1,1,0,0
-9,2,1.0,0,1,0,0
-12,0,-0.37,0,0,0,0
-19,1,-0.06,0,0,-1,1
-50,2,1.0,0,1,0,0
-6,2,0,1,1,0,0
-112,1,0.25,0,0,-1,1
46,1,0,1,0,-1,1
76,0,-0.75,0,0,-6,6
-162,6,0.67,0,1,-1,1
-8,1,0.33,0,1,0,0
-13,1,-0.5,0,1,1,1
32,0,0.18,0,0,0,2
-149,1,0,1,1,0,2
83,3,0.0,0,1,-1,1
-58,4,0.5,0,0,0,0
-44,6,0,1,1,1,1
-79,4,-0.5,0,1,1,7
-7,1,0.33,0,1,2,4
-66,0,0.5,0,0,0,0
-25,4,0.33,0,0,0,0
3,1,0.5,0,1,1,3
-109,2,0.67,0,1,1,1
63,6,-1.0,0,0,-3,3
-22,6,-0.42,0,0,0,0
64,4,0.0,0,1,-1,1
14,2,-0.06,0,0,-1,1
-80,3,0,1,1,0,2
39,4,0.33,0,1,0,2
-62,1,-0.5,0,1,1,5
-31,3,-0.67,0,1,0,0
-86,5,0.17,0,0,0,2
-22,2,0.5,0,0,-1,1
-11,5,-1.0,0,0,0,0
-52,0,-0.25,0,1,1,1
-22,4,0.54,0,0,0,2
7,5,0,1,1,-1,1
-3,0,0.25,0,1,-4,4
34,4,0.07,0,0,0,2
-58,1,0.39,0,0,2,2
79,2,0.0,0,0,0,0
-99,2,-1.0,0,0,0,2
9,3,-0.33,0,0,-3,7
44,4,0.0,0,1,-1,5
100,2,-1.0,0,1,0,0
-73,0,0,1,1,0,0
-127,1,1.0,0,1,0,2
44,6,-0.33,0,0,0,0
-2,2,0.4,0,0,-1,1
-75,2,-0.67,0,1,0,0
18,3,0.5,0,0,1,5
16,6,-1.0,0,0,0,0
80,6,-1.0,0,1,0,4
-25,1,0,1,0,0,0
-49,2,0.5,0,0,-1,1
14,5,0.0,0,0,0,0
-57,4,0.5,0,1,0,0
67,2,0,1,0,-1,1
-50,6,-1.0,0,0,0,0
-13,0,-0.67,0,0,0,0
9,5,1.0,0,1,0,0
-104,4,0,1,1,0,0
-106,2,0.5,0,1,2,2
-8,1,0,1,1,1,3
15,6,0.5,0,1,-1,3
-9,6,0,1,1,0,2
-24,4,0.0,0,1,0,2
-62,4,-0.5,0,0,0,0
1,1,0.0,0,1,0,0
11,3,-0.67,0,0,0,2
-20,4,0.5,0,1,-1,1
5,6,0.0,0,1,1,1
-3,6,0.02,0,0,0,0
64,2,-0.65,0,1,-4,4
-27,0,-0.06,0,0,0,0
-158,2,-0.25,0,0,-1,1
189,0,-0.57,0,0,-2,2
-79,1,0.0,0,1,0,0
-79,6,0,1,1,0,0
-88,3,0,1,1,0,0
1,6,-0.3,0,1,1,1
64,1,0.0,0,1,-1,1
-51,1,0.0,0,1,1,1
18,1,-0.91,0,0,0,0
26,0,0.32,0,0,1,1
-3,2,0.5,0,1,1,1
-17,1,0.33,0,1,-1,1
-4,2,-0.5,0,1,0,0
6,5,0,1,0,-1,3
60,1,0.0,0,0,1,1
44,2,0.75,0,0,2,4
-8,4,0.5,0,1,0,2
19,6,1.0,0,1,0,0
-96,5,0,1,0,1,1
-22,1,0.0,0,1,0,2
54,3,0.17,0,0,0,0
71,4,-0.5,0,0,1,1
-100,1,0.15,0,0,1,1
109,4,0.4,0,1,0,0
-25,3,1.0,0,0,0,2
40,2,0,1,1,0,0
94,1,0.12,0,0,-1,1
5,4,0.4,0,0,-1,3
-35,2,-0.33,0,1,1,1
24,0,0.0,0,0,0,2
-54,1,0.75,0,1,0,0
-6,5,-0.38,0,0,0,0
-33,7,0.0,0,1,0,0
42,4,0.5,0,1,-1,1
-3,0,0.5,0,1,2,2
13,6,-0.67,0,1,0,0
-22,5,0.0,0,0,0,2
116,0,-0.2,0,1,0,0
-100,0,0.5,0,0,0,0
42,0,-0.67,0,0,1,1
-163,3,0.5,0,0,0,0
-49,6,-0.08,0,0,0,2
50,2,0.29,0,0,-1,3
-2,4,1.0,0,0,0,0
64,6,0.33,0,1,0,0
-2,0,-0.5,0,1,-2,2
12,2,-0.3,0,0,0,0
-38,4,0.35,0,1,0,0
80,7,0,1,1,0,0
-104,4,0,1,1,0,0
-22,0,-0.03,0,0,0,0
-4,4,0.0,0,1,0,2
78,0,0.0,0,0,-1,1
-68,2,0.46,0,1,3,3
-11,1,0,1,1,1,1
-45,7,-0.14,0,1,0,0
100,5,0,1,1,0,2
19,0,0,1,1,1,1
-33,0,-0.5,0,0,0,4
-38,2,0.25,0,0,0,0
-16,2,-0.35,0,0,1,1
-18,7,1.0,0,1,1,1
-80,2,0.17,0,0,0,0
5,6,-1.0,0,1,0,0
19,1,0.17,0,0,-1,1
-18,4,-1.0,0,0,-1,1
-4,4,-0.21,0,0,-1,1
33,1,-1.0,0,1,-1,1
12,1,-0.25,0,0,-1,5
11,0,0.67,0,0,0,0
-70,0,-1.0,0,1,0,0
-10,4,0.1,0,1,1,1
-63,6,-0.5,0,1,-1,1
-21,3,0,1,1,0,0
-61,4,1.0,0,1,-1,1
4,7,1.0,0,1,0,0
-57,4,0,1,0,0,0
-17,0,-0.6,0,0,0,0
46,0,-1.0,0,0,1,1
-8,2,0.0,0,1,0,0
-83,0,0.8,0,0,0,0
81,1,0.35,0,0,-1,1
49,2,0.0,0,1,2,2
18,0,-0.83,0,0,0,2
-12,2,0.33,0,0,-1,1
-15,3,1.0,0,1,0,0
-37,4,0.67,0,0,-1,1
12,3,-0.2,0,1,0,0
-11,1,-0.57,0,0,0,0
-34,4,0.3,0,0,-1,1
-74,5,1.0,0,1,1,1
109,4,0.11,0,1,-2,2
25,1,0,1,1,-1,1
-10,1,-1.0,0,1,0,0
26,0,-0.5,0,0,0,0
70,3,0,1,1,0,0
-96,0,0,1,1,0,0
55,1,-0.41,0,1,0,2
-44,1,0.5,0,0,0,0
-149,0,0,1,1,0,0
-127,5,-0.3,0,0,0,2
-40,2,-0.17,0,0,0,0
4,0,-0.71,0,0,0,0
-88,6,-0.5,0,1,1,1
3,0,0.17,0,1,2,4
40,2,-0.5,0,0,1,1
6,2,-0.67,0,0,-2,4
-109,0,0.56,0,0,4,4
9,7,0.0,0,1,-1,1
-49,4,-0.4,0,0,-1,1
71,0,0,1,0,0,2
7,0,-0.6,0,0,-1,1
-49,0,0.2,0,1,0,0
53,2,-1.0,0,0,0,0
-78,1,0.5,0,1,1,1
58,1,0.0,0,1,0,0
29,4,0.33,0,0,1,1
69,0,0,1,1,0,0
-20,0,0.13,0,1,3,3
5,4,-0.5,0,0,0,0
-7,2,0.0,0,1,2,2
-102,2,-1.0,0,0,0,0
-88,2,0.19,0,0,1,1
130,2,-0.5,0,0,2,4
54,1,0.67,0,0,-1,1
44,0,-0.17,0,0,2,6
31,5,-0.86,0,1,0,0
11,2,0.0,0,1,0,0
30,0,0.5,0,1,0,0
-39,0,1.0,0,0,0,0
-91,4,0.1,0,0,1,1
-90,5,0,1,1,0,0
104,7,-0.5,0,1,-3,3
-33,0,-0.33,0,0,1,1
68,1,0.62,0,0,-1,1
-36,0,1.0,0,1,0,0
130,1,1.0,0,0,2,6
-121,6,0.0,0,0,-1,1
69,0,-0.5,0,1,0,0
13,4,0,1,0,-1,1
-6,2,0,1,0,-1,1
53,1,0.5,0,1,0,0
-101,4,-0.25,0,1,0,2
-69,6,0.2,0,1,1,3
127,3,-0.18,0,0,0,0
-7,0,-0.03,0,0,-2,4
1,4,0.42,0,1,1,1
-36,3,0.0,0,0,0,0
128,3,0.67,0,0,0,0
-40,1,-0.67,0,1,1,1
-68,3,0,1,0,0,0
75,6,-0.25,0,0,0,0
36,2,1.0,0,1,0,0
-8,3,0,1,1,1,1
33,3,0.0,0,0,0,0
-30,2,-0.5,0,1,0,0
19,4,-0.2,0,1,1,1
50,4,-0.25,0,0,-2,4
-103,4,-0.5,0,0,0,0
68,1,-1.0,0,1,2,4
4,3,-0.2,0,0,0,0
115,2,0.0,0,0,0,0
87,6,-0.5,0,1,-1,1
-143,2,0,1,0,0,0
-12,0,-0.4,0,1,-2,2
-54,0,0.57,0,0,1,3
-24,0,0.5,0,1,-1,1
-102,2,0.5,0,1,0,0
-33,0,-0.25,0,0,1,1
-9,0,-0.38,0,1,-2,8
-46,2,0.5,0,1,1,5
-11,3,-0.33,0,1,-1,1
-21,4,0.0,0,1,1,1
24,1,0.17,0,1,0,2
-70,1,0.33,0,0,0,0
19,4,1.0,0,1,0,0
-58,0,0.0,0,0,0,0
-81,1,-0.18,0,0,2,2
-44,4,-0.5,0,1,-1,1
-17,1,-1.0,0,1,1,1
-42,2,0.33,0,0,1,1
-41,2,0.3,0,0,-1,3
-19,0,0.8,0,0,-1,1
-26,2,-0.4,0,0,0,2
-22,6,1.0,0,0,-1,1
-5,2,-0.67,0,0,0,0
11,4,-0.1,0,1,0,0
-6,0,-1.0,0,1,0,2
78,1,0.75,0,0,0,0
60,2,-0.67,0,0,0,2
-30,4,-0.35,0,1,0,2
189,5,-1.0,0,0,-3,3
12,4,-0.35,0,0,0,0
83,3,0.5,0,0,0,0
7,6,-0.67,0,1,1,5
-44,1,0.5,0,0,0,2
99,4,0.25,0,1,0,2
89,4,0.5,0,0,1,1
15,2,-0.25,0,0,0,2
-51,0,0.0,0,1,0,0
-6,4,0.67,0,1,1,1
-30,1,-0.67,0,0,-1,1
-16,6,0.0,0,0,1,1
-1,3,-0.25,0,1,-1,3
64,6,0.0,0,1,0,2
-111,4,0.35,0,1,0,0
69,3,0,1,0,1,1
32,3,0.0,0,0,1,1
26,1,0.0,0,0,-1,1
-10,3,0.67,0,1,3,3
-58,1,-1.0,0,0,0,0
25,6,1.0,0,1,0,0
60,1,-0.86,0,1,-3,3
102,4,0.0,0,0,-1,1
-96,3,0.14,0,0,0,0
-24,3,0.22,0,0,1,1
-78,4,-1.0,0,0,0,2
-7,0,0.25,0,0,1,1
-12,0,0.07,0,0,1,1
57,2,0.25,0,1,0,0
-52,6,0.0,0,0,1,1
-18,1,-0.2,0,0,0,0
-86,0,0.75,0,0,2,2
-171,1,0,1,1,0,0
-69,1,0,1,1,0,2
17,1,0,1,1,-1,1
4,4,-0.33,0,0,1,1
-11,2,-0.25,0,1,1,3
72,4,0.0,0,1,1,1
-1,6,0.17,0,0,-1,1
32,1,-0.78,0,0,1,1
90,4,-0.17,0,0,0,0
-12,2,0.0,0,0,-1,1
-68,3,0.42,0,0,0,0
-42,4,0.0,0,1,0,0
60,4,0.0,0,1,0,0
-13,6,0,1,0,0,2
-55,4,0,1,1,0,2
-12,1,-0.25,0,1,0,0
-22,5,0.4,0,0,2,2
-33,5,0.8,0,0,0,0
-92,6,-0.5,0,1,1,1
-3,6,0.5,0,0,-1,3
-20,6,0.0,0,0,2,2
76,2,0.22,0,0,0,0
-77,1,0,1,0,1,1
14,5,0.67,0,0,-1,1
8,2,0.08,0,1,-1,3
-65,4,0.8,0,1,0,0
4,3,-0.33,0,0,0,0
-49,1,-0.23,0,0,0,0
30,6,0,1,0,1,1
1,2,1.0,0,1,0,2
117,4,0.0,0,1,-1,1
-30,3,-0.33,0,1,1,1
-36,1,-0.33,0,0,0,0
19,1,0.75,0,0,0,0
-52,1,0.0,0,0,0,0
28,0,0.0,0,0,0,0
-15,2,0.25,0,1,3,3
68,1,-0.6,0,1,1,1
-2,2,-0.33,0,0,0,2
62,6,1.0,0,0,-1,1
-27,0,-0.24,0,0,-1,3
-6,0,1.0,0,0,0,0
-22,0,0.0,0,1,0,0
-85,1,-0.5,0,0,0,0
71,2,0,1,0,0,0
-70,6,1.0,0,1,1,1
-137,0,-0.33,0,0,0,2
6,1,-0.75,0,1,0,2
-3,1,0.67,0,1,3,3
96,6,0.5,0,1,0,0
3,4,0.17,0,1,0,0
-15,0,1.0,0,0,1,1
-53,0,0.0,0,1,0,0
8,4,0.6,0,1,0,2
6,3,-0.46,0,1,0,0
-8,0,0.32,0,0,1,1
11,5,0,1,1,1,1
9,5,0.67,0,0,-3,5
-17,6,0.83,0,0,0,0
-23,1,-0.42,0,0,0,2
24,6,0.0,0,0,0,2
-6,2,0.0,0,1,1,1
6,4,1.0,0,1,1,1
12,2,-0.2,0,0,-1,1
30,0,-0.17,0,0,-1,3
-21,1,-0.47,0,0,0,0
-3,0,-0.12,0,0,0,0
-16,4,1.0,0,0,-1,1
-8,4,0.0,0,0,-3,3
-20,1,0.5,0,1,-1,1
-9,6,0.5,0,1,-1,1
24,6,-0.67,0,1,-2,2
-104,2,-0.17,0,0,-1,1
-62,4,0.5,0,0,0,0
40,0,0,1,0,0,0
-62,1,0.33,0,1,0,2
-9,4,0.0,0,1,0,0
10,4,0.0,0,1,1,1
-54,0,-0.29,0,1,1,1
-3,4,-0.05,0,0,2,4
72,0,0.0,0,1,0,0
-6,5,0.0,0,0,2,6
53,2,1.0,0,1,0,2
-2,3,-0.12,0,0,0,2
18,2,0,1,1,0,0
-45,7,0.0,0,1,0,0
-15,0,0.22,0,1,2,4
82,2,0.5,0,0,0,2
43,5,0.5,0,1,0,0
-22,0,-0.17,0,0,1,1
-22,2,-0.34,0,0,0,0
44,0,-0.5,0,0,0,0
88,6,-0.5,0,0,0,2
51,0,0.62,0,0,0,0
-102,0,0.0,0,0,0,0
71,4,0,1,0,-1,1
-78,6,1.0,0,0,1,3
-108,4,1.0,0,1,0,0
46,0,0.33,0,0,0,2
-162,2,0,1,1,0,0
31,6,-1.0,0,1,0,0
-3,3,1.0,0,0,0,0
96,0,0.0,0,0,0,2
-37,1,-0.13,0,1,0,0
46,1,0.67,0,0,-1,1
-24,0,0.0,0,0,0,0
5,4,-0.67,0,1,0,0
-46,0,-0.5,0,1,0,4
-19,0,0.2,0,0,1,1
-40,1,0.0,0,0,0,2
-17,1,0.5,0,0,0,4
-96,6,-0.8,0,1,0,0
40,2,0.67,0,0,1,1
44,1,-0.57,0,0,1,3
30,6,1.0,0,0,5,5
-34,2,-0.15,0,1,0,2
65,5,-0.43,0,0,-3,3
-87,1,1.0,0,0,0,2
-34,4,-0.25,0,1,-1,1
-18,2,-0.17,0,0,0,2
5,6,0.0,0,0,1,1
-13,1,0.0,0,0,-1,1
64,1,0.0,0,1,0,0
-5,2,-1.0,0,1,0,0
12,4,-0.03,0,0,-2,6
-31,2,0.17,0,1,1,3
-64,2,-1.0,0,0,1,1
-78,1,-1.0,0,0,2,4
18,2,-1.0,0,1,0,2
-14,6,0.17,0,1,-2,2
-111,6,0.75,0,1,1,1
-14,0,0.56,0,1,0,0
51,1,0.25,0,1,1,3
16,1,0,1,1,0,0
32,6,0.6,0,0,0,0
-51,1,0.5,0,0,0,0
46,4,0.5,0,0,-1,1
51,2,-0.5,0,0,0,0
-9,0,0.0,0,0,1,5
-125,1,-0.2,0,0,0,0
-11,4,0,1,1,0,0
36,0,0.0,0,1,-1,1
-62,1,-0.67,0,0,0,0
34,1,0.08,0,0,-1,1
-10,1,0.37,0,1,3,3
-34,4,0.12,0,0,-1,1
25,3,0.5,0,0,0,0
-15,1,0,1,1,1,1
-17,6,-0.67,0,1,0,2
-36,2,-0.57,0,0,0,0
44,1,-0.33,0,0,-1,1
113,0,-1.0,0,0,1,1
2,0,1.0,0,1,0,0
-92,6,0.0,0,1,0,0
-32,4,0.0,0,1,0,0
-13,6,0,1,1,0,0
-53,2,-1.0,0,0,0,0
-47,4,-0.25,0,0,0,0
19,5,0.17,0,1,2,2
-45,3,0.67,0,0,1,3
1,2,-0.08,0,1,-1,1
-3,2,0,1,1,0,0
-18,3,-0.5,0,0,0,4
-151,5,-1.0,0,0,0,0
-36,1,-1.0,0,0,-1,1
40,4,0.0,0,1,-1,1
-26,2,0.17,0,1,0,0
-18,2,0.1,0,0,-1,1
-9,4,-0.42,0,0,1,3
3,5,0,1,1,5,7
38,0,1.0,0,1,2,2
-29,4,0,1,0,0,0
-9,1,0.11,0,1,1,1
-20,2,-0.21,0,1,2,2
7,6,0.0,0,0,0,0
25,4,-0.5,0,0,1,1
-2,0,0.0,0,0,1,1
-41,2,0.21,0,0,0,0
-58,6,-1.0,0,0,-1,1
-62,4,-1.0,0,1,0,0
3,1,0.0,0,1,0,0
-40,3,0.0,0,1,2,4
6,1,0.0,0,1,0,0
-63,2,-0.17,0,0,0,0
-2,6,0.5,0,1,0,0
44,4,-0.5,0,0,-1,1
21,4,0.35,0,0,0,2
30,2,-0.83,0,0,-1,1
15,6,-1.0,0,1,1,1
-1,1,0.17,0,1,1,1
113,5,0,1,0,0,0
-67,7,-1.0,0,1,0,0
-9,1,0.08,0,1,0,0
38,0,-0.5,0,0,-2,2
64,0,0.0,0,1,1,1
-24,1,0.75,0,0,0,2
-50,4,-1.0,0,1,-1,1
-121,2,0.0,0,0,0,2
71,4,0.17,0,0,0,0
-118,6,0.0,0,1,1,1
-69,0,0.44,0,1,-1,1
-51,1,0.0,0,0,0,0
9,4,0.24,0,1,1,3
-41,7,-1.0,0,1,-1,1
60,6,0.33,0,0,-1,7
-54,6,0.0,0,1,1,1
125,5,1.0,0,0,0,0
-79,4,-0.33,0,1,2,4
8,3,0.0,0,0,1,1
-53,6,0.0,0,0,-1,1
173,6,-1.0,0,1,-3,3
-1,0,0.0,0,1,-1,3
-63,1,0,1,1,-1,1
-37,2,1.0,0,1,0,0
37,3,-0.5,0,1,1,1
-10,3,-0.8,0,0,0,0
54,1,-0.27,0,1,0,0
-62,3,0,1,0,0,0
67,0,0.0,0,0,-1,1
23,3,0.0,0,0,1,1
7,0,0,1,1,0,0
38,6,0.5,0,0,1,3
-20,0,-0.2,0,1,0,2
-68,3,0,1,1,-1,1
8,4,-0.21,0,0,0,0
-144,0,-0.5,0,0,0,0
74,0,-0.67,0,1,1,1
128,5,0,1,0,1,1
1,2,0.33,0,1,0,2
29,1,-0.67,0,1,2,4
-72,4,0.0,0,1,0,4
-29,3,-0.52,0,0,1,1
60,2,-0.05,0,1,-2,2
-136,0,0.18,0,0,0,0
132,5,-1.0,0,1,1,1
-92,2,0.5,0,0,0,0
-51,3,0.5,0,0,0,2
-44,6,-0.27,0,1,0,0
30,2,0.0,0,0,2,2
60,1,-0.5,0,0,-2,6
10,2,-0.5,0,1,0,2
-18,1,0.5,0,1,3,3
-45,0,0.0,0,0,2,2
19,2,0.0,0,0,0,2
14,2,-0.89,0,0,0,0
-51,2,0.66,0,0,1,1
-136,0,0.33,0,0,1,1
-27,4,0.0,0,0,0,0
38,3,0.17,0,0,0,2
74,1,0.29,0,0,0,0
23,6,0.5,0,0,-1,5
-43,4,1.0,0,1,0,2
-1,5,0.0,0,1,0,0
30,2,0.33,0,0,4,4
-29,3,0.5,0,0,0,2
-47,1,-0.25,0,0,-1,1
-15,4,0.44,0,0,0,0
-69,5,0.1,0,1,-1,1
-18,2,-1.0,0,1,0,0
40,3,0,1,1,-1,1
-2,6,-0.14,0,0,0,0
56,4,-1.0,0,1,0,2
-33,0,1.0,0,1,1,1
-22,3,-0.33,0,0,0,0
71,3,0,1,0,-1,1
-83,0,0.14,0,0,0,2
11,1,-0.2,0,1,0,0
-1,0,0.0,0,1,1,1
-29,0,0.2,0,1,0,0
13,1,-0.27,0,1,-1,1
34,4,-0.17,0,0,1,1
-54,3,-1.0,0,1,0,0
-12,3,-0.67,0,0,0,0
34,2,-0.38,0,0,0,0
91,5,0.0,0,1,0,0
-10,2,-0.67,0,1,0,0
-21,1,-0.23,0,0,1,1
2,2,-1.0,0,1,0,0
36,6,0.42,0,1,-2,2
-163,6,0.73,0,0,1,1
-15,1,0.37,0,0,2,2
-29,1,0.5,0,0,-1,1
25,0,-0.33,0,1,-1,3
-49,4,0.0,0,1,-1,1
-68,0,-0.2,0,0,1,1
-24,5,0.0,0,0,0,2
6,0,0.5,0,1,0,0
-17,6,-0.75,0,0,-1,3
-16,6,1.0,0,1,-1,1
34,1,0.46,0,0,0,0
-203,2,0.5,0,1,2,4
-62,2,0.5,0,0,3,3
1,6,0.5,0,1,0,0
-63,1,-0.46,0,0,1,1
-96,5,0.57,0,0,1,1
-195,3,0,1,1,0,0
-6,3,-0.25,0,0,1,1
-9,2,0.15,0,1,0,4
58,3,0,1,1,1,1
11,3,0.43,0,0,-1,1
109,2,0.03,0,1,-3,3
-37,0,0.17,0,0,0,0
-5,2,0.27,0,0,1,1
-1,1,-0.25,0,1,2,2
-114,6,0.83,0,0,1,1
57,0,-0.67,0,1,0,0
-12,5,0.0,0,1,-2,4
-40,5,0,1,1,1,1
-42,0,-0.4,0,0,0,2
-66,5,0.0,0,1,1,1
-31,1,0.0,0,1,2,2
71,3,0.5,0,0,1,3
-28,7,1.0,0,1,0,2
4,2,-0.33,0,1,0,2
-37,4,0,1,1,0,0
-37,4,0,1,1,0,2
-24,1,0.0,0,1,0,0
7,2,-1.0,0,0,0,2
-18,1,-0.25,0,0,0,0
-16,4,0.0,0,1,0,2
-9,0,-0.25,0,1,1,3
-92,4,1.0,0,0,0,2
-5,5,0.6,0,0,-1,1
-29,2,-0.15,0,0,0,0
-48,0,0.3,0,0,0,2
100,2,-0.6,0,1,-1,1
-69,2,-0.14,0,1,0,2
-29,6,0,1,0,-1,1
6,3,0.17,0,1,0,0
78,6,-0.5,0,0,0,0
1,3,0.0,0,1,-1,1
29,1,0,1,1,0,0
-86,5,1.0,0,0,3,3
173,0,-0.4,0,1,-2,2
-17,2,-0.27,0,0,-1,5
-46,3,-0.6,0,0,-1,1
-77,4,-0.67,0,0,0,0
106,2,-1.0,0,0,0,0
-16,2,-0.5,0,0,0,2
-161,4,0.43,0,0,0,0
2,1,0.04,0,0,-2,2
-127,1,-0.5,0,0,0,0
4,0,0.0,0,1,3,3
1,4,0.67,0,1,1,3
-40,5,0.5,0,1,1,3
-85,5,-0.25,0,0,0,0
-23,3,-0.67,0,1,1,1
-1,2,-0.33,0,1,0,6
-53,0,0.43,0,0,-2,2
13,0,-0.5,0,0,0,0
-90,2,0,1,1,1,1
-94,2,0.5,0,0,0,0
15,4,0.33,0,1,-1,1
-58,2,-0.17,0,0,0,2
-49,1,0.0,0,0,0,2
-90,2,-0.29,0,0,1,1
-68,4,0.61,0,0,1,1
-83,2,-0.27,0,0,-2,4
26,6,1.0,0,0,0,0
56,6,0.07,0,0,0,0
-9,4,-0.04,0,0,1,1
-5,6,-0.33,0,1,1,1
-70,3,0.67,0,0,1,1
-52,2,0.25,0,0,1,1
-7,6,-0.71,0,1,1,1
-45,0,-0.3,0,1,0,0
2,4,0.0,0,1,-2,2
1,0,-0.17,0,1,0,0
-8,3,0.33,0,1,1,1
-23,6,-0.25,0,0,0,0
45,4,0.25,0,1,0,0
26,3,0.0,0,0,0,0
37,1,-0.82,0,1,0,0
-17,6,0.0,0,1,0,0
-13,2,0.0,0,0,0,0
31,0,0.4,0,0,2,2
-69,3,-0.13,0,1,0,0
86,4,0.0,0,1,0,0
-90,3,0,1,1,0,0
-4,0,0.5,0,1,1,1
-196,1,0.4,0,1,0,0
138,0,0,1,0,-1,1
-89,2,-0.1,0,1,0,0
-73,0,-0.13,0,1,0,0
8,5,-1.0,0,1,-1,1
114,2,0,1,1,-1,1
73,6,0.0,0,1,0,0
24,3,0.0,0,0,0,0
-16,2,-1.0,0,1,0,0
-14,0,-0.25,0,0,0,2
-46,0,0.17,0,1,1,3
-89,3,0.5,0,1,1,1
24,2,-0.33,0,1,0,0
98,0,-1.0,0,0,-1,1
-11,2,-0.3,0,0,0,2
-44,4,-0.57,0,0,0,2
46,6,0,1,0,0,2
22,0,-0.27,0,0,-4,6
-19,1,-0.44,0,0,0,2
-87,0,0.42,0,1,0,0
-1,1,0.67,0,1,-2,4
-18,3,-0.67,0,0,5,9
-9,0,0,1,1,1,1
38,0,0.06,0,0,0,0
55,0,-0.33,0,1,1,1
-136,1,0.48,0,0,1,1
11,1,-1.0,0,0,1,1
42,0,1.0,0,1,0,2
-23,4,0.07,0,0,3,3
10,6,-1.0,0,1,2,2
99,0,0.2,0,1,-1,1
36,1,-1.0,0,1,0,2
-104,3,0.0,0,0,0,0
102,0,0.5,0,0,-1,1
-18,1,0.33,0,1,0,0
-158,1,0.33,0,0,0,0
-48,2,0.0,0,0,1,1
-18,3,-0.5,0,0,1,1
-11,2,-1.0,0,1,3,3
64,0,-0.57,0,1,-3,3
-9,2,0.75,0,1,4,6
38,6,0.5,0,1,1,1
-126,0,0,1,1,0,0
-83,0,0.5,0,0,-2,2
-2,6,-0.33,0,1,-1,3
-19,2,0.06,0,0,2,4
-3,2,0.0,0,1,0,0
-105,3,-0.67,0,0,1,1
-47,6,-0.33,0,0,0,2
-162,7,1.0,0,1,0,2
-87,2,-0.5,0,1,2,4
-3,0,-0.67,0,1,0,0
130,5,0.0,0,0,1,5
68,2,-1.0,0,1,1,1
11,3,0,1,0,0,0
62,2,-1.0,0,0,0,2
5,3,-0.83,0,0,0,0
-9,5,-0.67,0,1,0,0
-9,3,0,1,1,0,2
108,0,-1.0,0,1,0,0
59,3,-0.33,0,1,0,0
29,4,0.42,0,0,1,3
83,4,0.0,0,1,0,2
-20,2,-0.5,0,0,-1,1
-114,1,0.77,0,1,0,2
161,1,0.0,0,1,0,0
-37,0,-0.33,0,0,0,2
-40,4,0.21,0,0,3,3
94,0,0.24,0,0,0,0
5,7,0,1,1,-1,1
19,1,-1.0,0,1,2,4
12,6,0.5,0,0,1,1
-53,6,-0.25,0,0,0,0
32,2,-0.5,0,0,-2,4
8,1,-0.05,0,1,0,0
56,1,0.17,0,0,-3,3
-52,1,0.75,0,1,2,4
64,2,-0.58,0,1,-2,2
23,1,-0.33,0,0,0,0
4,1,0.67,0,1,0,2
-86,1,0.91,0,0,-1,1
-17,1,-1.0,0,0,-1,1
-30,6,0.4,0,0,-1,1
-11,3,0.0,0,1,0,0
-31,4,0.75,0,1,0,2
-9,1,0.6,0,0,0,0
21,1,0.17,0,0,0,0
22,5,0.5,0,1,1,1
32,6,-0.62,0,1,-4,4
-79,1,0.25,0,1,1,3
15,0,-0.33,0,0,0,0
-24,5,-1.0,0,1,1,1
-92,1,0.0,0,0,0,0
-8,0,-0.5,0,1,0,0
25,0,0.0,0,1,0,0
-6,1,-0.33,0,1,0,6
36,3,0.0,0,1,-1,1
6,0,0.0,0,1,1,1
-69,4,0,1,1,2,2
26,0,1.0,0,0,1,1
14,6,-0.33,0,1,2,2
30,6,1.0,0,0,3,3
-58,4,1.0,0,0,-1,1
-4,4,-0.17,0,0,1,1
-104,1,0.29,0,0,0,0
15,5,0.0,0,0,0,0
3,1,-0.4,0,1,0,2
-24,3,0.5,0,0,-1,1
-90,0,0.0,0,1,2,2
2,3,0.33,0,0,1,1
-83,2,0.43,0,0,1,1
-120,7,0.83,0,1,-1,1
-109,0,0.5,0,0,2,2
-47,4,1.0,0,1,1,1
54,3,-0.5,0,0,-1,1
-6,3,-0.33,0,1,-1,1
-109,4,-0.1,0,1,0,0
3,0,-0.25,0,1,0,0
-121,0,0.64,0,0,1,1
18,5,0,1,0,-1,1
